traffic,temperature,longitude,latitude,gp_strength,robi_strength,bl_strength,gp_speed,robi_speed,bl_speed,weather
high,33,90.4565,23.7625,-90,-74,-77,70.6,9.4,53.8,sunny
high,33,90.4364,23.7623,-95,-67,-90,14.9,8.6,28.1,sunny
high,33,90.4363,23.7619,-100,-83,-102,19.1,19.3,32.6,sunny
high,33,90.4363,23.7616,-107,-77,-104,39,25.7,49,sunny
high,33,90.4362,23.7609,-85,-74,-105,54.4,15.9,57.9,sunny
high,33,90.4361,23.7606,-88,-70,-78,165,15.9,116,sunny
low,33,90.4347,23.7608,-104,-87,-69,34.5,49.7,128,sunny
low,33,90.4346,23.7614,-112,-88,-86,90.7,63.6,33.3,sunny
moderate,33,90.4333,23.7615,-88,-108,-89,18.7,20.1,50.5,sunny
moderate,33,90.4332,23.7618,-84,-105,-98,115,19.5,27.1,sunny
low,33,90.4343,23.7617,-84,-101,-99,112,35.8,26,sunny
moderate,33,90.4334,23.7624,-84,-89,-102,54.7,55.4,23.8,sunny
low,33,90.4347,23.7621,-107,-107,-88,105,41.2,68.1,sunny
high,33,90.4332,23.7629,-105,-89,-86,34.6,32.3,38.2,sunny
low,33,90.4349,23.7625,-105,-90,-87,76.3,27.7,63.2,sunny
high,33,90.4346,23.7631,-105,-73,-68,56,38.2,29.2,sunny
high,33,90.4347,23.7629,-88,-84,-74,117,4.5,28.8,sunny
high,31,90.432,23.7614,-90,-92,-86,43.7,47.8,39.8,cloudy
high,31,90.4321,23.7617,-79,-96,-68,86.7,27.9,34.6,cloudy
moderate,31,90.431,23.7616,-82,-93,-97,126,19,14.5,cloudy
high,31,90.4307,23.7619,-102,-85,-79,36.8,11.2,36.8,cloudy
high,31,90.4309,23.7623,-102,-81,-83,17.6,15.3,19.6,cloudy
high,31,90.4308,23.7627,-107,-96,-75,27.1,32.3,27.9,cloudy
high,31,90.4311,23.7631,-86,-90,-85,19.4,35,14.5,cloudy
high,31,90.4312,23.7635,-93,-97,-83,23.4,5.9,5,cloudy
high,31,90.4314,23.7639,-87,-87,-66,19.7,12.4,29.3,cloudy
low,31,90.4321,23.7629,-94,-97,-87,116,19.5,18.9,cloudy
moderate,31,90.4317,23.7633,-92,-105,-82,18.4,16.6,38.6,cloudy
high,31,90.4321,23.7635,-103,-87,-78,75.8,14.7,15.8,cloudy
moderate,31,90.4318,23.7624,-107,-108,-85,140,15.3,41.5,cloudy
moderate,31,90.4293,23.7624,-89,-88,-93,111,25.5,31.3,cloudy
moderate,31,90.4282,23.7627,-105,-78,-96,33.5,22.3,6.3,rain
high,31,90.4285,23.7632,-83,-86,-97,90.4,20.9,13.6,rain
high,31,90.4287,23.7634,-102,-81,-83,95.6,21.1,30.1,rain
high,31,90.4289,23.7639,-108,-87,-85,120,22.9,20.3,cloudy
high,30,90.4291,23.7642,-95,-82,-97,38.6,43.7,5.6,cloudy
low,30,90.4299,23.7626,-91,-99,-88,44.2,13,14.1,cloudy
low,30,90.4274,23.7663,-104,-94,-96,26,37.5,4.2,cloudy
moderate,30,90.4264,23.7643,-104,-73,-92,89.1,29.7,16.9,cloudy
moderate,30,90.4266,23.7646,-103,-73,-91,97.7,38.7,26.5,cloudy
moderate,30,90.427,23.765,-90,-85,-87,98.3,50.3,13.1,cloudy
moderate,30,90.427,23.7652,-101,-95,-87,34.7,19.4,4.8,cloudy
moderate,30,90.4272,23.7655,-95,-97,-81,86.9,10.6,14.7,cloudy
low,30,90.4278,23.7648,-90,-90,-71,89.1,49.3,3.9,cloudy
high,30,90.4293,23.7646,-107,-87,-83,43.1,31.8,9.7,cloudy
low,29,90.4298,23.7638,-102,-78,-94,81.7,49.1,20.3,cloudy
low,29,90.4298,23.7635,-98,-80,-93,33.9,64.4,31.3,cloudy
low,29,90.4297,23.7631,-83,-95,-79,82.8,41.3,25.3,cloudy
low,29,90.4275,23.7642,-102,-69,-86,26.7,58.2,21.9,cloudy
low,29,90.4276,23.7644,-112,-95,-83,22.9,23.1,16.1,cloudy
high,26,90.4304,23.7642,-67,-120,-120,20.2,12.2,42.1,rain
high,26,90.4283,23.7652,-69,-120,-120,123,9.4,18.9,rain
high,26,90.4268,23.766,-86,-120,-120,164,13.7,5.2,rain
moderate,26,90.4251,23.7644,-68,-120,-120,26.4,43.8,25.2,rain
moderate,26,90.4258,23.7665,-71,-120,-120,79.3,20.6,24,rain
low,26,90.4255,23.7659,-78,-120,-120,132,22.4,24.8,rain
moderate,26,90.4252,23.7657,-78,-120,-120,111,56,23.3,rain
moderate,26,90.425,23.7652,-71,-120,-120,95.5,84.2,16.3,rain
high,26,90.425,23.7649,-68,-120,-120,72.1,41.6,12.6,rain
moderate,30,90.4283,23.7658,-91,-59,-60,28.4,21,10.2,cloudy
high,34,90.4376,23.7612,-110,-112,-103,113.5,8.8,37.5,sunny
moderate,29,90.4274,23.7644,-94,-76,-59,19.1,27.9,23.9,cloudy
moderate,30,90.4249,23.7651,-104,-89,-61,147.6,54.6,10.1,cloudy
moderate,25,90.4235,23.7663,-79,-72,-72,105.1,19.1,2.6,cloudy
moderate,30,90.4258,23.7658,-77,-77,-59,61.9,32.7,14.4,rain
moderate,31,90.4268,23.7641,-104,-60,-85,23.9,35.7,17.4,rain
high,32,90.4337,23.7622,-102,-93,-102,28,31.2,20.9,cloudy
low,31,90.4292,23.7657,-77,-92,-59,68.8,23.3,14.8,rain
high,32,90.4336,23.7629,-95,-76,-59,19,31.5,19.7,rain
high,30,90.4271,23.7642,-109,-90,-59,43.6,15.3,10.9,cloudy
high,31,90.4297,23.7637,-79,-93,-73,66.9,19.3,14,cloudy
high,25,90.4247,23.7649,-83,-120,-59,78.7,26.6,25.7,cloudy
high,32,90.4346,23.7631,-92,-80,-71,174.1,15.1,39.1,rain
moderate,33,90.4332,23.7622,-107,-90,-102,25.3,14.2,19.1,rain
high,32,90.4323,23.7618,-107,-75,-59,18.9,21.1,33.5,sunny
moderate,27,90.427,23.765,-89,-59,-70,40.9,59.8,37.6,rain
moderate,28,90.4287,23.7642,-71,-120,-59,28.6,20.1,32.4,sunny
high,32,90.4336,23.7626,-101,-59,-75,62.3,13.6,77.5,sunny
high,31,90.4316,23.7628,-92,-73,-69,106.7,12.6,53.8,rain
low,29,90.4303,23.765,-82,-59,-59,145.8,9,21.1,sunny
high,34,90.4361,23.7624,-88,-87,-86,42.7,31,17.4,sunny
high,26,90.4264,23.7646,-98,-59,-120,126.7,7.4,17.2,cloudy
moderate,32,90.4338,23.7624,-78,-89,-71,35.5,9.6,28.1,sunny
moderate,31,90.4281,23.7619,-109,-116,-102,17.6,62.6,24.2,cloudy
moderate,26,90.4227,23.7664,-88,-120,-86,160.9,32.8,7.5,cloudy
high,31,90.4306,23.7643,-83,-59,-59,65.2,22.4,43.9,rain
moderate,30,90.4258,23.7634,-97,-59,-99,73,52.8,38.4,sunny
high,31,90.4283,23.764,-84,-88,-73,61.1,69,26.9,rain
low,32,90.4371,23.7626,-87,-77,-79,111.9,31.3,45.3,sunny
low,30,90.4285,23.7639,-101,-100,-97,18.3,21.7,19.9,cloudy
low,32,90.4328,23.7634,-100,-90,-70,145.1,14,48.4,cloudy
high,26,90.429,23.7652,-73,-120,-120,21.8,14,14.4,rain
high,34,90.4372,23.7605,-105,-120,-105,17.6,37.6,20.6,cloudy
high,31,90.4325,23.7622,-75,-120,-93,35,32.6,41.3,sunny
high,33,90.4356,23.7619,-109,-101,-103,33.9,16.9,42.1,rain
high,32,90.4307,23.7643,-74,-59,-73,47.4,23.8,17.3,rain
high,33,90.4362,23.7624,-91,-107,-83,43.8,18.5,41.8,sunny
high,32,90.4329,23.7618,-101,-70,-99,28.2,39.2,54.6,sunny
high,31,90.435,23.762,-75,-103,-67,18.5,8.7,122.6,cloudy
moderate,27,90.4271,23.7649,-91,-95,-59,41.2,13.7,26.5,cloudy
high,31,90.4302,23.7643,-98,-83,-92,143.4,26.6,9.7,cloudy
high,26,90.4283,23.7636,-96,-99,-89,30.4,34.9,13.4,cloudy
high,33,90.4352,23.7614,-103,-59,-99,20.9,14.8,38.8,sunny
high,30,90.4284,23.7639,-92,-59,-59,75.2,100,16.2,rain
low,30,90.4298,23.7618,-80,-120,-77,104.2,20,26.3,cloudy
low,34,90.4363,23.7627,-107,-108,-75,71.6,6.5,44.1,sunny
high,30,90.4299,23.7644,-104,-59,-59,129.2,30.1,25.9,sunny
high,32,90.4342,23.763,-103,-117,-105,23.2,17.8,19.8,cloudy
high,32,90.4317,23.7628,-106,-81,-61,97,12.2,20.3,cloudy
moderate,33,90.4326,23.7617,-112,-120,-105,69.9,103.4,47.1,cloudy
low,33,90.4367,23.7624,-79,-99,-91,110.3,11,55.5,sunny
moderate,32,90.4329,23.7613,-109,-120,-104,40.7,23.1,27.3,cloudy
high,28,90.4292,23.7632,-71,-120,-59,21.3,9.3,35.3,rain
high,25,90.4249,23.7653,-89,-59,-120,141.6,20.6,43.8,cloudy
high,33,90.4373,23.7613,-86,-82,-95,58.6,30.2,85.5,sunny
high,33,90.4338,23.7619,-109,-120,-102,30.7,27.3,33.6,cloudy
low,32,90.4361,23.7624,-92,-97,-104,39,6.1,30.6,rain
moderate,28,90.426,23.7636,-82,-83,-59,48.5,12.6,20.9,cloudy
high,32,90.4341,23.7627,-99,-100,-95,123.4,7.6,18.4,cloudy
low,31,90.4277,23.7658,-112,-97,-76,85.2,88.1,10.4,sunny
high,33,90.4366,23.762,-83,-120,-94,23,16.2,25.4,sunny
low,26,90.425,23.7653,-88,-120,-59,125.1,25.8,12.4,cloudy
high,32,90.432,23.7622,-102,-76,-59,138.6,21.2,27.9,rain
low,26,90.4243,23.7676,-86,-59,-59,18,32.8,9.3,cloudy
moderate,30,90.4296,23.7632,-109,-106,-103,44.1,73.4,39,cloudy
low,31,90.4298,23.7655,-107,-59,-74,123.9,47.5,27.2,sunny
moderate,26,90.4249,23.7654,-103,-59,-59,50.7,64.3,13.6,rain
moderate,32,90.43,23.7633,-99,-100,-76,18.5,50.4,29.1,cloudy
high,31,90.4324,23.7632,-101,-90,-92,17.7,42.3,31.3,cloudy
high,33,90.4336,23.7629,-100,-79,-59,154.8,18.8,48.5,sunny
high,28,90.4266,23.7637,-91,-120,-71,140.8,19.7,11.8,rain
high,26,90.4294,23.763,-81,-59,-78,27.7,63.2,25.6,cloudy
low,29,90.4258,23.766,-104,-86,-59,37.3,12.7,18.3,cloudy
moderate,28,90.4258,23.763,-88,-76,-85,133.7,36.3,21.9,cloudy
high,32,90.4341,23.7628,-100,-59,-99,52.5,7.1,29.1,sunny
high,32,90.4376,23.7618,-102,-94,-99,17.7,13.9,14,sunny
moderate,31,90.4318,23.7632,-82,-63,-94,62.5,41.3,147,sunny
high,33,90.4353,23.762,-106,-82,-72,113.7,49.3,29.3,sunny
high,31,90.4334,23.7623,-97,-59,-70,38.9,27.1,50.4,sunny
high,34,90.4376,23.7611,-101,-63,-79,68.1,18,95.2,sunny
high,29,90.4285,23.7654,-104,-120,-59,166.2,37.9,13.7,cloudy
low,30,90.4254,23.7635,-92,-107,-94,61.4,19.5,4.4,cloudy
high,30,90.4308,23.7625,-106,-59,-77,58.5,33.9,36.3,cloudy
moderate,30,90.4318,23.7627,-89,-60,-59,39.3,14.1,71.9,rain
low,33,90.4343,23.7621,-89,-108,-90,107.6,24.4,76.4,sunny
high,31,90.4321,23.7613,-95,-63,-96,25.8,38.5,16.9,rain
low,26,90.4242,23.7658,-89,-83,-86,31.4,62.9,9.6,cloudy
moderate,27,90.427,23.7657,-77,-59,-59,36.4,45.6,14.8,cloudy
moderate,25,90.426,23.766,-72,-120,-59,137.2,10.8,21.6,rain
high,26,90.4268,23.7629,-93,-59,-64,50.7,33.6,19.3,cloudy
high,31,90.4313,23.7619,-96,-73,-85,145.2,64.7,60.4,sunny
low,33,90.4304,23.7632,-79,-105,-84,94,13.7,24.3,rain
high,31,90.4313,23.7627,-112,-120,-101,52.9,28.1,19.9,cloudy
high,32,90.4332,23.7621,-109,-112,-94,167.5,24.8,60.3,rain
high,34,90.4331,23.7615,-107,-120,-93,86.7,19.1,39.9,sunny
low,29,90.425,23.7665,-74,-59,-73,38.6,11.2,9.3,cloudy
low,31,90.4298,23.7633,-87,-75,-103,18.2,5.2,20.2,sunny
moderate,27,90.4253,23.7645,-102,-64,-59,27.9,58.3,19.2,cloudy
high,28,90.4273,23.7659,-104,-59,-59,104.7,66.9,14.3,cloudy
high,32,90.4321,23.761,-107,-120,-102,19.7,36.8,54,cloudy
low,25,90.4213,23.7667,-100,-69,-59,24.9,48.6,5.4,cloudy
high,31,90.4319,23.7621,-87,-59,-59,43.6,11.7,47.6,sunny
high,26,90.4291,23.7649,-93,-59,-59,171.8,5.9,9.8,cloudy
moderate,31,90.4292,23.7638,-101,-59,-91,45.4,33.5,29.5,rain
high,32,90.4336,23.7635,-112,-120,-59,41.5,20.8,17.6,cloudy
high,31,90.4325,23.7646,-100,-66,-59,26.4,41.8,26.2,rain
moderate,29,90.4283,23.7639,-102,-98,-103,54.9,66.8,7.5,cloudy
low,28,90.4293,23.7621,-106,-78,-59,92.2,33.2,50.2,cloudy
moderate,29,90.4302,23.7642,-96,-103,-88,76.4,44,13.9,cloudy
high,35,90.4376,23.7605,-110,-120,-105,23.8,11,45.9,rain
low,30,90.428,23.7625,-93,-120,-59,78.7,87.4,73,sunny
moderate,29,90.4286,23.7639,-93,-65,-95,168,62.8,26.1,cloudy
high,28,90.4261,23.7662,-73,-120,-59,75.8,10,10.8,rain
moderate,33,90.4305,23.762,-98,-120,-93,32.5,17.9,12.9,cloudy
low,25,90.4241,23.7674,-76,-120,-59,122.2,44.4,5.5,cloudy
moderate,26,90.4245,23.7639,-88,-59,-87,72.8,78.3,20,cloudy
moderate,30,90.4267,23.7646,-87,-112,-61,67.1,22.7,20.4,cloudy
high,27,90.4276,23.7659,-72,-120,-120,62,10.4,41.6,sunny
low,32,90.4328,23.7643,-88,-93,-91,130.7,14.7,19.5,sunny
moderate,29,90.4248,23.7637,-112,-120,-105,29,49.1,8.7,cloudy
moderate,29,90.4273,23.7645,-87,-59,-59,154.2,20.8,42.6,rain
low,24,90.4252,23.766,-79,-120,-120,61.9,32.1,15,cloudy
moderate,32,90.4324,23.7618,-107,-120,-103,57.8,15.6,26.4,cloudy
low,30,90.4276,23.7634,-85,-76,-66,163.7,30.5,34.7,cloudy
high,34,90.4332,23.7623,-109,-120,-104,21.4,15.7,24.4,cloudy
high,32,90.4347,23.7627,-76,-120,-60,35.9,17.2,33.8,sunny
low,32,90.4328,23.7617,-98,-68,-92,61.4,15.6,25.1,sunny
low,33,90.4309,23.7624,-109,-120,-104,32.4,64.3,11.5,cloudy
high,30,90.4287,23.7634,-103,-93,-82,135.4,40.2,37.2,cloudy
moderate,32,90.4337,23.7632,-83,-80,-84,30.6,20,27,sunny
high,30,90.4322,23.7646,-108,-59,-84,27.5,17.6,7.4,cloudy
low,30,90.4307,23.7631,-108,-85,-90,34.8,16.7,32.4,cloudy
high,33,90.4364,23.7618,-95,-72,-75,158.9,24.4,209.1,sunny
high,29,90.4311,23.7631,-85,-120,-59,98.2,19.2,80.6,sunny
high,31,90.4322,23.7623,-83,-120,-59,67.4,54.3,38.8,sunny
high,33,90.4321,23.7626,-80,-99,-104,75.7,28.4,19.3,sunny
high,29,90.4289,23.7639,-105,-72,-85,18.5,39.1,32.6,cloudy
high,30,90.4293,23.7623,-101,-66,-93,18.1,17.9,18.1,cloudy
low,29,90.4265,23.7642,-86,-74,-99,136.9,29.8,6.9,cloudy
moderate,33,90.4325,23.762,-106,-120,-99,66.5,47.2,43.1,cloudy
low,29,90.4274,23.7645,-107,-59,-69,45.7,33.7,20,cloudy
high,33,90.4344,23.7626,-91,-74,-79,82.9,20.9,18.5,sunny
high,27,90.4301,23.7641,-88,-63,-59,20.7,38.4,27.5,cloudy
high,26,90.4264,23.7663,-108,-73,-84,65.9,19.4,6,cloudy
moderate,30,90.4262,23.7633,-99,-79,-82,145.2,43,26.9,rain
high,30,90.4273,23.7643,-98,-90,-99,18.5,28,11.1,cloudy
low,32,90.4324,23.762,-105,-98,-94,68.3,48.2,66.6,rain
low,34,90.4372,23.7609,-93,-110,-102,24.5,13.3,55.8,sunny
low,27,90.4235,23.7655,-80,-120,-88,25,113.9,12.7,cloudy
moderate,30,90.4275,23.7634,-74,-85,-75,21.1,19.5,28.3,cloudy
moderate,25,90.4218,23.766,-82,-120,-120,42.3,36.5,5.4,cloudy
high,30,90.4299,23.7628,-97,-109,-59,143.1,26.5,34.5,cloudy
low,27,90.4277,23.7644,-94,-109,-100,19.3,7.7,14.2,cloudy
moderate,30,90.4246,23.764,-109,-76,-59,51.9,27.6,9.6,cloudy
high,27,90.4248,23.7651,-104,-79,-59,86.3,32.5,21.4,cloudy
high,33,90.4339,23.7636,-105,-81,-82,21.8,32,30,sunny
moderate,32,90.4343,23.7616,-95,-109,-103,164.8,22.6,34.6,rain
low,28,90.4268,23.7638,-106,-114,-87,26.3,32.9,28.8,cloudy
low,32,90.4342,23.7637,-90,-71,-59,48.1,23.7,32,rain
moderate,31,90.4297,23.7652,-79,-59,-120,74.2,17.9,31.9,sunny
moderate,29,90.4266,23.7649,-89,-80,-69,155.7,43.9,17.6,cloudy
high,32,90.434,23.7625,-80,-120,-81,81.2,13.8,21.7,cloudy
high,33,90.4332,23.7618,-103,-105,-90,97.5,21,59.6,rain
low,31,90.4305,23.7619,-91,-69,-78,164.1,16.9,108.3,sunny
high,31,90.4315,23.7632,-97,-68,-79,61.3,11,29.8,rain
high,30,90.4262,23.7658,-104,-59,-71,49.6,25.7,15.8,sunny
high,34,90.4396,23.762,-107,-120,-103,31,10.4,24.7,cloudy
low,24,90.4234,23.7678,-105,-120,-120,36.2,69.2,10.9,cloudy
high,31,90.4317,23.7622,-86,-120,-66,33.2,16.4,30.3,sunny
high,33,90.4319,23.7613,-109,-101,-85,18,9.7,24.5,rain
high,26,90.4253,23.7653,-105,-59,-120,53.2,15.6,14.9,cloudy
high,31,90.4343,23.7614,-108,-111,-81,28.1,58.5,34.6,cloudy
low,30,90.4322,23.7636,-81,-75,-59,171.9,17.2,30,cloudy
moderate,31,90.4292,23.7624,-92,-99,-59,153.5,18.9,49.3,rain
high,31,90.4279,23.7652,-109,-89,-86,60.8,17.5,22.4,cloudy
high,32,90.4355,23.7623,-85,-97,-81,77.9,14.8,51.3,cloudy
high,25,90.4232,23.7653,-105,-120,-120,80.4,73.3,7.2,cloudy
high,29,90.4283,23.765,-75,-120,-120,34.2,11.4,26.5,sunny
moderate,31,90.4282,23.7636,-103,-120,-98,60.4,10,7.3,cloudy
low,25,90.4251,23.766,-96,-59,-66,132.5,21.8,21.2,cloudy
moderate,32,90.4312,23.7624,-104,-88,-100,74.2,28.1,28.2,sunny
high,33,90.4353,23.7616,-102,-59,-59,102.3,8.4,26,sunny
moderate,33,90.4332,23.7627,-72,-94,-59,24.1,22.2,52.2,sunny
low,27,90.4261,23.7649,-103,-102,-72,70.6,22.9,10.8,cloudy
high,30,90.4284,23.7645,-75,-75,-59,20.4,19.8,13.1,cloudy
high,32,90.4358,23.7618,-85,-89,-91,27.8,6.7,30.3,sunny
high,33,90.436,23.7601,-92,-119,-102,56,12.7,123.9,rain
high,32,90.433,23.7618,-90,-119,-100,21.6,53.3,22.5,rain
low,30,90.4301,23.7623,-105,-59,-96,27.8,58.8,29.2,sunny
low,29,90.4272,23.7627,-102,-89,-59,77,28.7,16.7,cloudy
high,33,90.436,23.7621,-99,-98,-101,36.5,15,24.3,sunny
moderate,31,90.4302,23.763,-95,-59,-59,25.4,41.8,20.9,sunny
high,31,90.4303,23.7634,-105,-87,-92,17.6,16.3,17.1,cloudy
moderate,27,90.4258,23.7655,-86,-59,-78,132.7,44.8,7.3,cloudy
high,32,90.4382,23.7623,-84,-59,-60,55.4,11,44.6,sunny
moderate,26,90.426,23.7631,-75,-120,-59,87.7,28.8,8.2,rain
moderate,26,90.4239,23.7668,-95,-63,-59,71.7,54.6,11.8,cloudy
low,33,90.4343,23.7622,-78,-75,-90,52.1,10.5,136.9,sunny
high,32,90.4305,23.7639,-99,-120,-120,38.6,63.8,34.6,sunny
moderate,31,90.4251,23.7645,-111,-120,-97,43.3,69.6,10.2,cloudy
high,33,90.4351,23.7627,-106,-120,-99,80.5,16.1,29.7,rain
high,36,90.4566,23.7597,-77,-120,-104,49,5.8,111.6,sunny
high,29,90.4269,23.7645,-83,-120,-59,142.3,30.7,25.5,sunny
high,28,90.4268,23.7644,-92,-59,-59,129.7,17.4,11.4,cloudy
high,30,90.4296,23.7637,-108,-75,-98,20,31.7,6.2,cloudy
high,30,90.4296,23.7628,-81,-59,-64,74.4,46.7,22.6,rain
moderate,30,90.4274,23.7647,-108,-99,-74,76.9,51.9,9.2,cloudy
moderate,30,90.4309,23.7624,-91,-59,-59,79.6,50.8,143.4,rain
low,33,90.431,23.7619,-105,-115,-90,27.6,27.8,18.7,rain
moderate,30,90.425,23.7643,-92,-114,-91,76.9,23.4,22,cloudy
moderate,31,90.4317,23.7617,-89,-75,-103,40.3,33.5,23.8,rain
high,34,90.4555,23.7608,-110,-120,-105,18.2,30.8,77.2,rain
high,28,90.4281,23.7641,-93,-79,-62,27.1,56.4,9.5,cloudy
moderate,33,90.4305,23.7613,-105,-120,-94,95.9,85.4,97.3,rain
low,34,90.4395,23.7618,-109,-119,-87,29.5,19.7,46.1,sunny
low,34,90.4387,23.7606,-100,-64,-104,88.7,21.9,172.7,sunny
low,26,90.4286,23.7643,-74,-59,-59,42.7,7.2,17,rain
high,29,90.4253,23.7652,-85,-59,-92,17.9,33.4,10.7,cloudy
moderate,35,90.439,23.7604,-76,-107,-103,145.5,44.4,94.1,sunny
low,31,90.4308,23.7626,-71,-59,-59,42.5,36.1,99.4,sunny
low,29,90.4307,23.7629,-71,-86,-59,149.5,28.8,25,cloudy
low,29,90.4276,23.7645,-91,-120,-59,164.2,13.5,27.9,rain
high,33,90.4364,23.7619,-102,-67,-91,29.7,34.2,53.6,sunny
high,33,90.4348,23.762,-105,-120,-99,70.7,9.6,48.6,rain
moderate,25,90.4241,23.7672,-109,-120,-120,35.1,41,10.8,cloudy
moderate,32,90.4304,23.7635,-93,-93,-104,104.8,37.9,22.2,sunny
high,32,90.4329,23.7634,-93,-116,-88,42.2,4.5,26.6,cloudy
low,31,90.4298,23.763,-111,-99,-73,61.5,57.9,26.3,cloudy
high,34,90.4377,23.7611,-95,-120,-105,44,9.2,13.1,rain
low,30,90.4263,23.7648,-101,-79,-59,21.1,33.2,5.8,cloudy
low,30,90.4265,23.7646,-72,-73,-59,38.5,24,28.1,rain
moderate,29,90.4268,23.7625,-88,-59,-85,18.6,23.8,23.7,cloudy
moderate,28,90.4254,23.7653,-107,-64,-62,73.1,47.2,35.4,cloudy
high,32,90.4311,23.7615,-101,-79,-87,22.9,30.3,47.2,rain
high,28,90.4289,23.7638,-82,-59,-59,113,19.3,20.4,cloudy
moderate,29,90.4263,23.7635,-74,-59,-88,48.5,28.8,14,cloudy
high,32,90.4307,23.7626,-96,-72,-91,49.4,33.6,21,sunny
moderate,33,90.4334,23.7621,-100,-116,-98,89.7,38.3,25.5,rain
high,32,90.431,23.7637,-109,-109,-101,128.1,18.6,15.9,rain
high,30,90.4318,23.7641,-90,-59,-85,29.1,82.9,30.9,cloudy
high,31,90.4291,23.7635,-91,-75,-59,143.7,22,11.8,sunny
high,32,90.4348,23.7634,-108,-108,-98,22.5,16.6,27.7,cloudy
moderate,29,90.4257,23.7651,-82,-59,-61,86.1,36.2,27.6,rain
moderate,29,90.426,23.7637,-111,-71,-73,27.1,37.5,26.4,cloudy
moderate,25,90.4243,23.7668,-70,-120,-120,21.8,27.5,20.7,rain
moderate,26,90.4243,23.7658,-95,-59,-59,136.6,22.7,26.3,cloudy
high,34,90.4358,23.7612,-108,-120,-101,50.6,29.2,42,sunny
high,31,90.4338,23.7628,-91,-107,-102,139,13.3,19.9,cloudy
low,32,90.4291,23.7624,-90,-91,-94,40.8,19,23.9,rain
high,34,90.4353,23.762,-110,-108,-91,30.5,26.3,37.8,sunny
moderate,33,90.4296,23.7615,-109,-120,-105,20.4,37.4,32.1,cloudy
high,34,90.437,23.7598,-100,-120,-104,63.6,28.4,56.9,cloudy
moderate,29,90.4259,23.7643,-97,-80,-73,95.9,46.8,20.5,cloudy
moderate,32,90.4317,23.7615,-103,-113,-77,84,28.7,126.8,rain
high,33,90.4345,23.7633,-101,-120,-90,56.7,18.3,11.7,cloudy
high,29,90.4289,23.7633,-96,-120,-59,130.6,22.9,44.7,rain
moderate,32,90.4343,23.7624,-100,-94,-99,47,40.4,51.4,rain
low,26,90.428,23.7648,-87,-120,-120,72.4,21.7,36.5,cloudy
low,26,90.4248,23.7645,-89,-62,-59,47.7,43.5,29,cloudy
high,34,90.4356,23.761,-109,-120,-105,93.4,16.6,20.9,sunny
low,32,90.4348,23.762,-99,-107,-89,112.7,33,29.9,sunny
moderate,25,90.4207,23.7674,-102,-86,-89,71.9,34.1,1.3,cloudy
high,32,90.4315,23.7627,-100,-99,-81,48.8,43.5,23.3,rain
low,31,90.4315,23.7622,-72,-76,-59,140.1,12.8,28.1,rain
low,29,90.4302,23.7657,-77,-120,-65,123.7,16.3,28.3,sunny
high,31,90.4319,23.7632,-110,-74,-120,41.6,27.3,29.2,cloudy
low,31,90.4316,23.7652,-90,-59,-59,48.1,9.7,16.5,rain
high,26,90.423,23.7664,-73,-59,-120,21.9,14.6,1.1,cloudy
high,30,90.4309,23.7658,-83,-59,-63,141.6,14,15.1,sunny
high,32,90.4308,23.7619,-111,-120,-103,21.6,43.1,12.3,cloudy
moderate,33,90.4316,23.762,-90,-114,-102,103.4,27.5,68.3,cloudy
low,28,90.4263,23.7651,-79,-120,-59,93.6,31.5,19.6,rain
moderate,30,90.4285,23.7639,-83,-71,-85,75.1,22.5,28.3,rain
high,31,90.4316,23.7643,-109,-66,-59,108.6,31.2,39.7,cloudy
low,29,90.4262,23.7638,-75,-83,-92,60.7,18,14.3,cloudy
low,30,90.4305,23.7638,-79,-59,-78,102.3,36.3,42.2,sunny
high,34,90.4394,23.7616,-81,-120,-103,31.5,10.1,48.4,rain
high,32,90.4361,23.7615,-82,-90,-102,28.4,24.1,38.4,cloudy
low,32,90.4319,23.7623,-96,-80,-92,19.1,34,41,sunny
high,32,90.4344,23.7617,-110,-120,-59,39.4,25.5,31.2,rain
moderate,34,90.4342,23.7616,-110,-120,-103,106.2,38.5,29.7,rain
moderate,33,90.4294,23.7633,-107,-120,-103,50.8,45.2,17.6,rain
high,29,90.4278,23.7651,-91,-89,-91,139.8,37.5,23.6,cloudy
low,30,90.4302,23.7626,-89,-59,-101,81.5,56.5,15.6,rain
moderate,32,90.4315,23.7632,-72,-91,-82,104.3,16.8,64.7,sunny
low,31,90.4285,23.7644,-97,-95,-98,73.1,20.2,9.6,cloudy
moderate,26,90.4262,23.7656,-92,-59,-59,32,23.4,21.2,cloudy
high,27,90.4327,23.7621,-74,-120,-120,109.7,47.9,101.8,rain
low,31,90.4314,23.7638,-73,-69,-81,38.2,12.5,29.5,sunny
low,30,90.4274,23.7643,-100,-59,-95,109.7,71.2,29,sunny
moderate,28,90.4294,23.7637,-77,-59,-78,149.7,21.8,22.8,cloudy
low,32,90.4351,23.7612,-106,-106,-101,24.3,25.1,27.6,cloudy
moderate,30,90.4284,23.7627,-92,-100,-80,100.7,51,59.8,cloudy
high,31,90.4311,23.7621,-73,-66,-73,28.1,12.5,24.6,sunny
high,32,90.4342,23.7614,-75,-112,-97,54.9,23.1,45.8,rain
high,31,90.4337,23.7631,-82,-63,-83,47.7,22.4,60.2,sunny
high,29,90.4286,23.7655,-88,-59,-59,138.4,25.7,20.8,cloudy
high,29,90.4268,23.7654,-97,-59,-64,105.1,11.4,15.8,cloudy
low,29,90.4283,23.7629,-86,-94,-79,35.7,34.6,21.7,cloudy
low,33,90.4337,23.7623,-101,-106,-104,112.1,47.4,32.8,rain
high,30,90.431,23.765,-99,-105,-59,160.1,13.1,13.9,cloudy
moderate,32,90.4323,23.7617,-81,-89,-59,97.2,41.4,99.5,sunny
moderate,28,90.4274,23.7641,-90,-84,-59,54.3,23.6,25.7,cloudy
high,34,90.4374,23.7636,-78,-59,-59,19.7,4.8,63.1,sunny
high,33,90.4367,23.7605,-81,-95,-92,19.6,12,24.7,rain
moderate,25,90.4242,23.7658,-77,-120,-120,34.1,17.7,16.2,cloudy
high,32,90.4327,23.7632,-109,-81,-67,50.2,14.4,35.2,sunny
high,34,90.4382,23.7608,-107,-120,-102,76.2,18.6,36.5,rain
moderate,26,90.4254,23.7651,-103,-59,-59,138,15,9.7,cloudy
low,30,90.4282,23.7653,-94,-83,-69,45.7,12.6,6.6,cloudy
high,33,90.437,23.762,-108,-99,-104,97.4,10.8,43.6,rain
high,32,90.4342,23.7638,-95,-118,-104,23.4,18.6,11.1,cloudy
low,30,90.4317,23.7634,-102,-80,-59,36.4,14.2,85.9,cloudy
moderate,31,90.4261,23.7633,-95,-90,-68,160.6,64.2,33.3,sunny
high,28,90.4296,23.7653,-90,-120,-120,47,11.3,14.5,rain
low,27,90.4268,23.7639,-83,-84,-71,29.6,41.3,11.7,cloudy
high,26,90.4278,23.766,-73,-120,-120,21.5,14.5,8.7,rain
high,34,90.4337,23.7621,-71,-111,-92,29.3,16.5,40.2,sunny
low,31,90.4296,23.7631,-100,-108,-84,87.2,49.6,18,cloudy
moderate,29,90.4255,23.7645,-94,-110,-103,29.4,56.6,4.8,cloudy
low,36,90.4587,23.7608,-107,-120,-104,43,17,74.2,sunny
high,32,90.4331,23.7624,-100,-106,-101,18.1,4.5,18.9,cloudy
moderate,33,90.4341,23.7618,-104,-95,-86,107.1,22.4,45.4,sunny
moderate,32,90.4351,23.7628,-103,-59,-105,109.7,65.6,40.5,sunny
high,24,90.4234,23.7664,-68,-120,-120,62.5,7.1,18.7,cloudy
low,32,90.4332,23.7625,-104,-110,-60,39.3,57.9,20.3,rain
moderate,26,90.4251,23.7654,-107,-86,-61,20.8,51.8,12.8,cloudy
low,30,90.4276,23.7631,-80,-94,-96,69.5,28.7,21.9,cloudy
high,31,90.4329,23.7623,-104,-96,-65,106.8,5.2,30.5,cloudy
high,33,90.4378,23.7618,-92,-72,-97,22.3,10.2,81.4,sunny
low,29,90.429,23.7649,-78,-59,-59,149.4,39.4,25.2,cloudy
low,31,90.4298,23.7623,-106,-93,-71,119.3,61.7,15,cloudy
high,31,90.4284,23.7646,-81,-120,-99,35.9,16.5,2.8,cloudy
moderate,29,90.4263,23.7657,-103,-106,-77,36,30.3,15.2,cloudy
moderate,32,90.4312,23.7626,-93,-120,-102,20.5,47.6,27.7,cloudy
high,32,90.431,23.7637,-96,-90,-101,81.3,12.2,26.3,rain
high,28,90.4266,23.7641,-68,-120,-65,38.9,35.3,4.2,cloudy
moderate,26,90.4232,23.7666,-104,-68,-59,22.9,66.5,38.6,cloudy
moderate,30,90.4273,23.7662,-111,-70,-84,178.2,30,24.2,rain
low,33,90.4363,23.7633,-98,-59,-82,141.4,17.6,46.8,sunny
low,30,90.429,23.7636,-79,-59,-59,82.7,54.4,25.5,cloudy
moderate,30,90.4271,23.7634,-91,-120,-100,29.3,25.9,37.6,rain
high,29,90.4312,23.7639,-110,-59,-60,112.1,16.2,23.7,rain
high,29,90.4305,23.7649,-90,-59,-101,27.8,26.5,15.3,cloudy
moderate,31,90.4306,23.7629,-111,-82,-59,172,35.2,27.2,rain
high,26,90.424,23.7665,-106,-120,-71,20.1,21.9,5,cloudy
high,33,90.4346,23.7626,-106,-94,-103,33.5,18.9,4.9,rain
moderate,26,90.4253,23.7656,-74,-59,-59,43.3,13.9,14.7,cloudy
high,31,90.4365,23.7628,-101,-99,-59,49,28.5,49.1,cloudy
moderate,32,90.4329,23.7623,-101,-69,-103,25.1,31.7,26.2,sunny
moderate,28,90.4245,23.7644,-103,-70,-59,133.9,48.1,25,cloudy
high,32,90.433,23.7651,-89,-106,-98,22.3,5.9,30.1,cloudy
high,26,90.4284,23.7649,-72,-59,-59,52,16.4,23.2,cloudy
high,32,90.4345,23.7633,-90,-86,-100,86.4,18.1,23.2,rain
moderate,31,90.4299,23.7625,-103,-84,-91,39.4,31.1,22.9,rain
moderate,29,90.4272,23.7643,-84,-94,-71,96.8,54.3,23.7,cloudy
low,33,90.4343,23.7638,-108,-118,-101,39.8,28.6,24.2,sunny
moderate,25,90.4243,23.766,-70,-120,-59,45,31.3,6.3,cloudy
low,31,90.4296,23.7627,-97,-84,-105,54.6,23.5,21.5,rain
high,34,90.4375,23.7599,-110,-120,-105,140,59.9,37.2,rain
moderate,27,90.4238,23.7664,-86,-59,-71,32.7,31.5,7.8,cloudy
high,33,90.4392,23.7617,-97,-98,-92,26.3,18.3,193.1,sunny
high,27,90.4287,23.765,-81,-120,-120,34.9,20.3,61.6,sunny
low,25,90.4227,23.7658,-81,-59,-70,101.3,39.2,4.2,cloudy
high,33,90.4357,23.7629,-111,-96,-89,92.2,20,37,sunny
high,31,90.435,23.7631,-92,-120,-59,108.5,20.2,101,sunny
low,33,90.4308,23.7619,-109,-120,-90,72.2,16.7,17.8,cloudy
moderate,31,90.4298,23.7634,-75,-65,-104,18,36.8,21.8,rain
high,31,90.4323,23.7622,-88,-94,-90,73.9,26.6,28.6,cloudy
low,30,90.428,23.7627,-80,-120,-76,59,59.1,41.4,sunny
moderate,33,90.4319,23.7617,-101,-120,-104,102.1,66.4,62.9,rain
high,29,90.4277,23.7657,-111,-77,-87,106,46.2,7.2,cloudy
moderate,33,90.4346,23.7616,-85,-59,-72,114.5,63.3,130.8,sunny
moderate,30,90.4285,23.7645,-98,-77,-79,138.1,44.4,16.8,cloudy
low,25,90.4245,23.7662,-98,-120,-59,20.5,13.4,5.7,cloudy
low,29,90.4286,23.7634,-94,-59,-59,69.7,45.8,22.3,rain
low,30,90.4288,23.7625,-74,-70,-78,26.8,11.2,12.4,cloudy
low,30,90.4298,23.7631,-102,-59,-66,86.4,60.8,25.2,cloudy
low,26,90.4265,23.7664,-93,-120,-120,103,16.1,13.2,cloudy
high,29,90.43,23.7636,-85,-59,-59,29.6,28.5,49.5,rain
moderate,25,90.4215,23.7668,-87,-120,-63,69.8,42.6,7.5,cloudy
moderate,31,90.4289,23.7654,-72,-59,-86,56.3,14.5,26.6,sunny
low,29,90.4261,23.7643,-97,-59,-81,17.9,20.2,8.4,cloudy
high,32,90.4327,23.7618,-102,-59,-95,29.4,55.5,40.7,sunny
high,26,90.4266,23.7659,-81,-59,-97,52.8,22.3,25.1,cloudy
low,31,90.4315,23.7628,-99,-91,-70,136.5,45.5,23.9,sunny
high,24,90.4224,23.7669,-70,-120,-59,73.1,53.8,13.4,cloudy
moderate,25,90.4243,23.7666,-78,-120,-59,60.9,23.8,8.2,cloudy
moderate,29,90.4281,23.7649,-91,-59,-59,100.3,20.6,26.2,sunny
high,33,90.4331,23.7615,-108,-106,-94,44.7,27.4,22.5,cloudy
high,33,90.4332,23.7616,-95,-120,-105,54.6,35,19.8,cloudy
low,28,90.4258,23.7662,-85,-120,-59,30.7,22.1,12,cloudy
high,26,90.427,23.7649,-89,-120,-59,35.9,37.6,13.7,cloudy
moderate,31,90.4312,23.7627,-111,-120,-101,104,73.8,39.1,cloudy
moderate,31,90.4296,23.7626,-104,-81,-102,34.3,38.8,26,rain
high,32,90.4326,23.7633,-82,-60,-91,88.3,17.8,11.8,sunny
low,32,90.4342,23.7621,-75,-59,-61,97.5,13.4,37.6,sunny
low,29,90.4299,23.7645,-83,-76,-90,49.7,11.7,37.9,cloudy
low,31,90.4301,23.7629,-100,-59,-78,28.3,34.5,45.5,sunny
moderate,28,90.4256,23.7655,-88,-93,-59,29.4,35.5,12.2,cloudy
moderate,24,90.4236,23.7674,-72,-120,-59,32.4,30.7,6.8,cloudy
low,33,90.4327,23.7636,-112,-117,-82,99.6,31.3,45.2,sunny
moderate,30,90.4258,23.7658,-98,-65,-88,142.7,46.9,17.7,rain
high,30,90.4304,23.7638,-92,-59,-94,124.9,17.2,33.3,rain
moderate,30,90.4314,23.7629,-95,-77,-59,52.3,47.7,66.9,rain
moderate,31,90.4293,23.7634,-92,-120,-88,73.8,17.4,23.2,cloudy
moderate,34,90.4377,23.7604,-110,-120,-104,58.9,46.5,94.4,rain
high,33,90.4343,23.7617,-104,-89,-100,109.2,30,62.9,rain
low,25,90.4251,23.7641,-81,-68,-59,55.9,5.1,21.2,cloudy
low,29,90.425,23.7659,-100,-91,-98,47.8,43.7,10.2,cloudy
low,30,90.429,23.7642,-84,-115,-98,41.3,18.7,20,cloudy
high,33,90.4363,23.7612,-87,-95,-98,29.8,19.6,55.2,sunny
moderate,26,90.4252,23.7661,-80,-59,-66,31.3,34.2,22.4,rain
high,25,90.427,23.7661,-69,-120,-120,55.1,19.9,7.8,cloudy
low,31,90.4281,23.7625,-98,-63,-59,70.6,13.2,42,sunny
high,31,90.4321,23.7615,-86,-59,-59,20.2,31.7,36.3,sunny
low,34,90.4337,23.761,-108,-117,-87,68.9,14.6,35.8,sunny
low,31,90.4328,23.7636,-81,-120,-66,27.3,35.5,46.2,sunny
moderate,29,90.4289,23.764,-102,-59,-59,52.4,38.5,19.9,rain
high,31,90.4359,23.761,-87,-80,-103,54.6,28.6,25.6,rain
high,33,90.4335,23.7614,-87,-59,-92,89.7,64.2,47,sunny
low,31,90.4306,23.7647,-110,-120,-91,21.9,24.3,22.6,cloudy
high,26,90.4264,23.7649,-98,-76,-85,96.3,17.7,10.1,cloudy
low,28,90.425,23.7636,-90,-120,-59,147.5,21.3,21.2,sunny
high,26,90.4297,23.7649,-78,-120,-59,65.7,13.4,23.3,cloudy
high,29,90.4311,23.7629,-82,-59,-59,27.7,23.6,136.2,rain
high,29,90.4272,23.763,-105,-73,-79,34.9,14.9,11.2,cloudy
low,32,90.4291,23.7635,-112,-76,-103,54.3,77.6,21.8,rain
high,32,90.4339,23.7631,-89,-86,-82,54.8,4.8,22.9,rain
high,30,90.4287,23.7646,-105,-103,-96,18.3,18.1,11.7,cloudy
low,33,90.4336,23.762,-72,-59,-83,130.8,17.3,149.9,sunny
high,34,90.4377,23.7622,-95,-120,-86,41.6,23.8,37.2,sunny
high,32,90.4379,23.761,-77,-74,-59,22.4,14.4,50,sunny
moderate,23,90.4199,23.7673,-97,-120,-120,23.1,67.4,3.4,cloudy
high,33,90.4349,23.7631,-96,-110,-103,79.4,21.2,21.2,sunny
moderate,30,90.4273,23.7646,-90,-59,-59,132.5,38.8,26.8,sunny
moderate,33,90.4322,23.7627,-99,-116,-59,163.3,23.5,72.2,sunny
high,29,90.4276,23.7656,-84,-59,-66,21.5,39.2,16,cloudy
moderate,25,90.4236,23.7653,-96,-78,-72,105.6,28.4,10.9,cloudy
high,31,90.4312,23.7629,-84,-85,-93,23,52.5,23.1,cloudy
high,28,90.4269,23.7629,-79,-59,-94,112.6,44.5,29.8,cloudy
high,31,90.4301,23.765,-90,-106,-59,61.1,19.6,24,rain
moderate,27,90.4274,23.7652,-84,-120,-61,45.6,25.8,14.3,cloudy
high,31,90.4263,23.7628,-94,-86,-96,42.7,30.4,33.9,cloudy
high,31,90.435,23.7607,-69,-63,-72,56.9,14.7,58.4,sunny
low,33,90.4334,23.7641,-96,-120,-102,126,10.3,15.1,cloudy
moderate,31,90.4293,23.7633,-87,-64,-67,63.1,36.1,23.3,sunny
high,32,90.4337,23.7632,-80,-76,-75,18.3,41.6,32.7,sunny
low,29,90.4258,23.7654,-97,-92,-59,144.6,29.6,8.7,cloudy
low,29,90.4289,23.7651,-91,-120,-64,27.3,20.8,14.9,cloudy
high,33,90.4369,23.762,-109,-93,-101,156,27.8,134.4,sunny
moderate,29,90.4252,23.7646,-97,-82,-79,169.2,18,5.7,rain
low,27,90.4273,23.7645,-99,-120,-59,20.2,55.8,36.2,rain
high,29,90.4285,23.7644,-83,-92,-79,108,21.8,7.3,cloudy
high,32,90.4343,23.7616,-87,-75,-59,122.6,6.8,44,sunny
high,32,90.43,23.7647,-111,-73,-93,44.6,30.4,4.6,rain
high,31,90.4327,23.7632,-103,-94,-101,135.2,34,17,cloudy
moderate,29,90.426,23.7656,-77,-66,-59,25,62.1,19.1,rain
low,28,90.4281,23.7653,-82,-59,-86,83.7,48.4,3,cloudy
high,32,90.4278,23.7638,-112,-120,-102,17.7,28.1,15.2,cloudy
low,33,90.4343,23.762,-92,-97,-68,82.6,24.5,40.5,sunny
high,29,90.4281,23.764,-92,-77,-59,167,23,18,cloudy
low,30,90.4304,23.7622,-104,-76,-91,42.1,27.9,22,cloudy
low,31,90.4319,23.7643,-99,-114,-92,60.2,4.5,29.6,cloudy
high,30,90.4334,23.7632,-74,-59,-69,18.2,25.1,58.2,sunny
high,31,90.4331,23.7638,-110,-107,-95,36.6,34,29,cloudy
moderate,31,90.428,23.7637,-92,-105,-84,95.7,15.8,25.2,rain
moderate,29,90.4256,23.7661,-103,-120,-59,21.4,60.9,7.4,sunny
high,30,90.4289,23.7634,-91,-67,-84,23.4,17,27.8,cloudy
high,28,90.4267,23.7657,-102,-59,-59,102.5,18.7,13.2,cloudy
high,32,90.4372,23.7601,-83,-90,-79,33.4,30.3,289.5,rain
moderate,29,90.4253,23.7632,-85,-65,-81,144.1,76.3,17.3,cloudy
high,34,90.4392,23.7608,-87,-120,-100,28.8,33.7,82.1,sunny
moderate,29,90.4303,23.7631,-67,-76,-76,22.1,33.5,29.1,cloudy
moderate,31,90.4289,23.7658,-79,-59,-120,84.6,24.3,14.9,sunny
low,32,90.4307,23.7629,-109,-93,-86,19.5,51.6,18.7,sunny
low,33,90.4303,23.7635,-95,-94,-99,17.7,54.2,26.1,sunny
high,31,90.4291,23.7627,-111,-120,-104,19.5,37.2,19.7,cloudy
low,34,90.434,23.7635,-101,-102,-87,82.7,15.4,24.2,sunny
low,31,90.4305,23.7625,-84,-86,-90,35.1,27.1,17.1,cloudy
high,27,90.4299,23.7648,-109,-59,-59,28,24,51.6,cloudy
high,32,90.4317,23.7628,-92,-79,-98,102.2,13.5,27.8,sunny
low,30,90.4271,23.763,-68,-120,-88,34.4,17.8,10.7,cloudy
high,28,90.4249,23.7671,-103,-120,-71,89,16.8,9.4,cloudy
high,26,90.4291,23.7644,-69,-120,-120,25.5,23.7,33.9,rain
high,32,90.4356,23.7625,-109,-109,-96,24.2,20.7,20.8,cloudy
moderate,31,90.4287,23.7622,-87,-75,-66,71,28.7,36.2,rain
high,30,90.43,23.7637,-89,-67,-70,19.1,7.2,20.5,cloudy
moderate,31,90.429,23.763,-103,-117,-98,65.4,21.4,18.9,cloudy
low,31,90.4312,23.7619,-107,-90,-59,20.7,42.5,118,rain
high,28,90.4245,23.7621,-102,-87,-89,21.5,68,12.6,cloudy
high,30,90.4315,23.7641,-97,-76,-59,93.2,11.1,24.8,cloudy
low,30,90.4274,23.7642,-78,-120,-59,148.2,41.8,29.4,sunny
high,31,90.4311,23.7623,-88,-59,-77,128.6,21.5,48.5,sunny
moderate,30,90.4299,23.7626,-89,-93,-59,130.4,13.6,21.5,cloudy
moderate,27,90.4235,23.7654,-95,-59,-95,69.3,52.4,12.7,cloudy
low,33,90.4352,23.7616,-80,-108,-98,20.2,54.3,42.5,sunny
high,31,90.4297,23.7642,-107,-64,-68,23.6,38.3,28.5,rain
low,34,90.4355,23.7619,-109,-120,-103,70.5,34.1,57.8,sunny
low,31,90.4309,23.7644,-99,-67,-59,64.2,15.4,23.5,sunny
low,32,90.4299,23.7623,-93,-103,-98,56,14.4,11.4,cloudy
high,29,90.4249,23.7651,-76,-65,-66,18.5,13.1,14,rain
high,31,90.4345,23.7622,-86,-63,-59,78.6,16.8,36.1,rain
high,31,90.4305,23.7618,-107,-97,-82,32.9,18.6,56.3,cloudy
high,28,90.4269,23.7658,-76,-120,-59,35.4,5.5,18.3,sunny
low,34,90.4371,23.7646,-104,-103,-100,38,12.4,21.2,sunny
low,29,90.4284,23.7634,-82,-80,-89,36.5,41.3,14.1,cloudy
high,29,90.4311,23.7654,-75,-59,-59,71.7,42.2,28.2,rain
high,35,90.4573,23.7593,-109,-120,-104,28.7,11.3,38.2,rain
high,27,90.4267,23.7647,-97,-94,-101,24.7,41.6,2.6,cloudy
moderate,31,90.4317,23.7626,-101,-110,-94,59.8,47.4,31.8,cloudy
high,29,90.4279,23.7655,-103,-59,-69,127.3,66.2,25.3,sunny
high,33,90.4336,23.763,-108,-104,-105,31.1,35.7,27,rain
low,26,90.4256,23.7645,-79,-120,-59,153.6,15.5,32.5,cloudy
high,30,90.4287,23.7638,-99,-70,-120,64.1,30.4,25.3,rain
moderate,27,90.4268,23.7664,-79,-120,-120,40.2,11.5,23.2,cloudy
high,35,90.4559,23.7609,-101,-93,-99,86,22.4,222.1,sunny
moderate,26,90.4233,23.7649,-98,-120,-62,20.5,69.9,23.2,cloudy
high,30,90.4294,23.7633,-81,-120,-74,46.2,26.8,61.5,rain
high,32,90.4335,23.7619,-70,-101,-66,36.6,20,32.3,sunny
high,26,90.4265,23.7651,-92,-64,-59,18.9,23.3,9.1,cloudy
low,33,90.4355,23.7616,-78,-118,-103,24.3,9.1,27.3,cloudy
high,26,90.425,23.7653,-94,-81,-76,67.6,17.5,11.1,cloudy
high,34,90.4363,23.7603,-94,-59,-93,20.5,25.5,74,sunny
high,32,90.4353,23.762,-103,-59,-98,137.7,35.8,92.7,sunny
low,31,90.4323,23.7628,-109,-60,-59,68.2,29.1,30.3,sunny
moderate,27,90.4266,23.7628,-69,-59,-72,67,49.5,31,cloudy
low,32,90.4355,23.7624,-86,-59,-83,29.6,43.1,87.4,sunny
low,32,90.4349,23.7609,-76,-102,-104,59.2,13.5,70.6,rain
moderate,34,90.432,23.7624,-101,-59,-85,79.5,55.9,25.1,sunny
high,34,90.4379,23.7602,-107,-92,-104,20.4,45.3,40.5,sunny
low,26,90.4276,23.7659,-75,-120,-72,18.1,26,12.2,rain
low,32,90.4343,23.763,-101,-102,-99,84.2,12.1,24.9,sunny
low,32,90.4335,23.7615,-100,-120,-102,109,28.7,28.4,cloudy
moderate,32,90.4325,23.7629,-103,-61,-96,28.2,33.2,29.7,sunny
low,26,90.428,23.7655,-70,-120,-120,117.7,5.2,21.7,rain
high,35,90.4396,23.7602,-102,-63,-89,44.2,31.5,136.8,sunny
high,33,90.4362,23.7613,-80,-102,-95,18.1,11.1,36.6,sunny
moderate,31,90.4317,23.7648,-91,-59,-59,59.2,25.7,28.7,sunny
high,31,90.4303,23.7625,-89,-67,-72,84,47.1,23.3,rain
low,31,90.4308,23.7625,-95,-91,-87,102.5,28.3,24.8,rain
high,30,90.4306,23.7632,-105,-95,-59,76.1,11.5,25.5,cloudy
moderate,31,90.4281,23.7641,-88,-95,-104,49.4,13.9,14,cloudy
high,32,90.4347,23.7625,-109,-120,-79,34.6,10.8,42.8,rain
moderate,33,90.4335,23.7607,-104,-101,-98,20.8,28.5,51.3,rain
low,30,90.4292,23.7632,-78,-59,-59,56.3,56.6,80.6,rain
high,29,90.4315,23.7636,-73,-59,-59,52.7,15.7,51.2,cloudy
high,25,90.4252,23.7631,-91,-120,-59,71.6,25.7,22.8,cloudy
low,32,90.4297,23.7624,-106,-120,-102,51.2,68.6,14.5,cloudy
moderate,32,90.4325,23.7618,-110,-120,-93,50.1,51.2,41.7,cloudy
moderate,31,90.4303,23.763,-90,-98,-71,101.1,52.4,22.8,cloudy
moderate,30,90.4281,23.762,-86,-95,-93,117.5,44,18.9,cloudy
moderate,30,90.429,23.7638,-100,-120,-91,70.5,85.8,41.9,cloudy
high,26,90.4288,23.7662,-101,-120,-59,20.5,14.3,10.8,cloudy
high,34,90.4351,23.7621,-87,-92,-70,29.2,24.9,145.1,sunny
high,28,90.4297,23.7665,-108,-78,-60,100.2,17.4,23.1,cloudy
high,32,90.4371,23.7621,-111,-120,-61,111.8,18.8,31.1,sunny
low,29,90.4249,23.7643,-88,-59,-89,101.6,37.4,16.1,rain
low,26,90.424,23.7655,-78,-59,-59,54.9,60.5,15.8,cloudy
low,31,90.4271,23.7623,-107,-96,-100,75.2,47,7.9,cloudy
high,33,90.4382,23.7612,-107,-120,-103,27.9,23.2,31.7,rain
high,34,90.4395,23.7609,-93,-109,-100,41.9,29.6,41.8,sunny
moderate,33,90.4337,23.7619,-105,-120,-100,41,55.7,52.2,rain
low,31,90.431,23.7634,-106,-120,-95,41.1,14,33.5,cloudy
high,33,90.4362,23.7609,-97,-63,-80,65.2,35.6,126.8,sunny
low,31,90.4319,23.7634,-94,-77,-59,74.2,26.2,29.7,cloudy
high,32,90.4363,23.7621,-89,-87,-71,74.5,30.9,45.4,sunny
high,28,90.4273,23.7639,-83,-59,-75,75.3,20.1,27.3,cloudy
low,32,90.4309,23.7625,-90,-75,-104,74.8,47.9,25.3,cloudy
low,31,90.4318,23.7628,-89,-120,-72,123.3,31.2,34,sunny
moderate,31,90.43,23.7629,-104,-98,-84,42.4,17.3,21.9,cloudy
moderate,32,90.4268,23.7626,-107,-120,-105,49,42.5,12,cloudy
moderate,32,90.4314,23.7646,-82,-87,-88,20.6,25.9,15.2,rain
high,30,90.4295,23.7655,-105,-89,-84,28.3,8.8,8.4,cloudy
high,33,90.4334,23.7605,-83,-69,-102,26.4,49.8,38.6,sunny
moderate,32,90.4295,23.7626,-78,-115,-104,86.3,62.9,33.7,rain
high,28,90.4258,23.7653,-87,-59,-78,115,23.6,27.2,rain
moderate,32,90.4277,23.764,-109,-120,-86,94.6,37.3,8.6,cloudy
high,32,90.4364,23.7632,-89,-120,-74,17.8,5.8,35.8,sunny
high,31,90.4307,23.7629,-82,-92,-99,46.2,12.7,14.6,cloudy
moderate,32,90.4316,23.7628,-88,-100,-85,116.4,12.2,77.9,sunny
low,31,90.432,23.7613,-69,-120,-64,34,42.1,81.9,sunny
high,34,90.4393,23.7602,-92,-95,-93,80.4,25.7,44.3,sunny
moderate,25,90.4246,23.7652,-81,-120,-59,86,65.6,26.5,rain
low,31,90.4326,23.7629,-89,-77,-59,53.8,48.9,37.4,sunny
low,30,90.4275,23.7655,-81,-120,-71,28.6,45.4,9.5,sunny
high,30,90.4297,23.762,-107,-59,-96,33.1,118.3,33.6,rain
moderate,26,90.4271,23.764,-80,-120,-75,31.9,80.2,33,cloudy
high,31,90.4292,23.7621,-110,-109,-104,46.9,32,16.8,cloudy
low,30,90.4275,23.7632,-93,-77,-67,110.3,16.9,13.9,cloudy
low,31,90.4325,23.7628,-101,-112,-101,118.5,7.1,7.5,cloudy
high,25,90.4261,23.7647,-90,-120,-120,54.8,5.6,10.9,cloudy
high,33,90.4333,23.7619,-105,-120,-100,59.4,25.2,30.9,cloudy
low,30,90.429,23.7621,-81,-59,-59,128.3,40,67.8,cloudy
high,31,90.4321,23.7654,-106,-103,-70,49.3,7.4,9.8,cloudy
low,26,90.4232,23.7668,-88,-96,-84,135.2,39,1.1,cloudy
high,34,90.4389,23.7601,-111,-114,-103,18.6,22.5,72.3,sunny
moderate,32,90.4276,23.7655,-111,-86,-91,73.6,31,11.1,rain
high,29,90.4291,23.7641,-103,-86,-86,105.1,35.8,13.7,cloudy
low,33,90.4336,23.7629,-112,-109,-99,54.2,23.6,33.1,sunny
high,29,90.4277,23.7637,-98,-77,-120,75.3,32.8,20.4,cloudy
low,32,90.4329,23.7637,-104,-120,-99,23.7,27.7,23.3,rain
high,31,90.4298,23.7634,-77,-100,-94,23,14.3,23.3,cloudy
low,31,90.4292,23.7625,-101,-97,-103,29.2,25.3,26.2,cloudy
moderate,30,90.4269,23.7663,-101,-105,-96,53.4,41.7,5.6,cloudy
high,36,90.4583,23.7602,-112,-120,-105,22.5,13.5,45.9,sunny
moderate,33,90.433,23.763,-108,-120,-98,141.1,7,20.7,rain
high,31,90.4358,23.7619,-110,-86,-91,102.7,67,68.5,rain
moderate,29,90.4269,23.7643,-87,-112,-91,21.8,72.4,13.9,cloudy
high,29,90.4306,23.7623,-87,-74,-59,57.4,24.3,20.2,cloudy
low,30,90.4303,23.7639,-101,-82,-59,110.4,14.7,19.6,cloudy
moderate,29,90.4291,23.7626,-69,-120,-120,138.8,22.3,31.9,sunny
low,32,90.4343,23.7637,-72,-104,-102,30.5,10.8,18.2,cloudy
moderate,31,90.4345,23.7626,-96,-117,-67,102.1,15.5,48.4,cloudy
low,30,90.4262,23.7632,-74,-102,-98,95.4,51.6,11,cloudy
high,31,90.4334,23.7641,-100,-111,-89,31,8.4,35,cloudy
low,30,90.4326,23.7626,-89,-120,-59,27.1,26.4,22.9,sunny
high,31,90.4279,23.7635,-90,-120,-59,27.6,79.5,23.7,rain
low,27,90.4263,23.7647,-94,-103,-86,47.5,18.7,14.3,cloudy
low,28,90.4331,23.7649,-79,-120,-120,152.8,50.7,23.3,sunny
moderate,32,90.4314,23.7618,-92,-120,-98,74,6.5,23.8,cloudy
moderate,30,90.4252,23.7639,-110,-93,-87,158.2,36.4,21.5,cloudy
moderate,26,90.4275,23.766,-96,-120,-120,177.5,35.6,14.1,sunny
high,30,90.4315,23.7621,-106,-59,-59,114.8,14.9,22.2,rain
moderate,31,90.43,23.7651,-106,-59,-59,144.4,19.5,15.9,rain
moderate,32,90.4326,23.7619,-110,-86,-104,132.4,48.3,56.3,rain
high,30,90.4296,23.7625,-104,-78,-76,48.5,22.6,31.7,rain
high,32,90.4365,23.7603,-92,-96,-65,126.6,24.2,107.2,sunny
low,30,90.4332,23.764,-84,-89,-78,19.3,14,41.5,cloudy
low,32,90.4314,23.7621,-96,-85,-92,107.5,37.7,21.3,cloudy
moderate,29,90.4274,23.763,-95,-98,-67,161.4,65.2,35.3,rain
moderate,33,90.4325,23.7627,-94,-109,-88,37.8,23.6,70.4,rain
low,33,90.4347,23.7616,-81,-97,-99,21.3,18.1,46.1,rain
moderate,31,90.4277,23.7625,-84,-91,-88,48.7,46.4,22.2,cloudy
high,34,90.4389,23.76,-94,-118,-105,19.2,4.8,53.1,rain
high,31,90.4342,23.7625,-73,-59,-83,143.1,15.9,39.7,sunny
low,30,90.4286,23.7634,-80,-105,-81,28.1,30.4,27.2,cloudy
high,31,90.4326,23.7619,-81,-94,-77,117.3,7.6,21.8,cloudy
high,32,90.434,23.7638,-96,-74,-72,46,14.2,48.9,sunny
moderate,28,90.4254,23.7638,-100,-59,-120,34.1,26,15.2,cloudy
moderate,31,90.43,23.7642,-89,-59,-59,82,31.6,34.2,sunny
high,31,90.4316,23.7628,-92,-84,-91,57.4,13.5,19.6,cloudy
moderate,31,90.4307,23.7621,-86,-70,-87,55.5,34.9,47.6,sunny
moderate,29,90.4275,23.7635,-97,-70,-82,49.6,66.2,40.9,cloudy
high,32,90.4347,23.7617,-104,-99,-91,35.7,35,28.6,sunny
low,31,90.4289,23.7649,-105,-113,-96,47.2,61.4,8.3,cloudy
low,26,90.4264,23.7645,-77,-72,-83,88.6,5.8,16.8,cloudy
low,32,90.4306,23.7644,-97,-77,-79,38.3,21.8,18.2,sunny
high,30,90.4306,23.7624,-69,-59,-63,36.3,7.3,29.2,cloudy
low,32,90.4309,23.7612,-80,-71,-89,76.2,32.3,38.2,rain
moderate,32,90.4299,23.7626,-87,-108,-98,60.4,17.9,32.8,rain
low,30,90.4289,23.7636,-99,-59,-65,69.7,25.3,26.1,rain
high,26,90.4236,23.7653,-89,-70,-59,52,18.6,8.6,cloudy
high,32,90.4346,23.7611,-90,-105,-82,140,48.6,39,rain
high,34,90.4387,23.7607,-105,-120,-103,21.8,20.3,152.3,cloudy
high,33,90.4301,23.7631,-104,-109,-82,90.1,19.6,33.5,cloudy
high,27,90.4265,23.7658,-109,-69,-59,117.4,23.1,10.2,cloudy
low,25,90.4241,23.7643,-85,-120,-59,50.2,41,45.2,cloudy
moderate,27,90.4267,23.7656,-73,-120,-59,160.7,23.2,16.9,cloudy
high,35,90.4601,23.7593,-111,-120,-104,18,37.9,50,sunny
moderate,26,90.4236,23.7658,-78,-120,-59,81.6,22.7,12.1,rain
high,31,90.4303,23.7634,-110,-90,-85,19,23.1,18.6,cloudy
moderate,27,90.4257,23.7642,-99,-120,-59,85.9,44.6,15.9,rain
high,34,90.4341,23.7628,-92,-98,-99,24.5,8.5,20.9,sunny
low,25,90.4232,23.7665,-71,-120,-59,147.1,22.4,2.3,cloudy
high,34,90.4343,23.7634,-103,-119,-96,20.5,32.2,23.4,sunny
moderate,33,90.4353,23.7617,-110,-83,-103,68.9,13.9,40.8,rain
moderate,27,90.423,23.767,-96,-68,-59,141.6,51.2,9.8,cloudy
high,31,90.4283,23.766,-107,-120,-120,131.9,17.1,16.9,sunny
low,35,90.4367,23.7614,-99,-120,-98,80.9,23,53.6,sunny
high,31,90.4303,23.7646,-101,-97,-100,110.6,20.6,6.8,cloudy
moderate,31,90.4302,23.7627,-93,-90,-91,128.3,16.7,22.4,cloudy
high,25,90.4267,23.7647,-69,-120,-59,20,9.4,3.8,cloudy
high,34,90.4356,23.7624,-100,-107,-104,40.9,6.8,19.8,sunny
high,28,90.4256,23.7666,-90,-120,-120,121.1,37.9,17.9,rain
low,33,90.4351,23.7625,-110,-95,-92,179.5,14.7,67.4,sunny
low,34,90.4374,23.761,-102,-120,-102,37.9,25.2,41.6,sunny
high,35,90.4382,23.7608,-91,-120,-102,51.1,20.9,31.5,rain
low,30,90.4299,23.7642,-100,-61,-60,76.8,14.5,19.7,rain
moderate,30,90.429,23.7642,-74,-78,-83,43.6,38.3,24.5,sunny
moderate,32,90.4313,23.7629,-92,-112,-99,45.7,13.7,19.8,cloudy
low,31,90.4286,23.7618,-103,-120,-100,91.4,17.9,26.8,cloudy
low,26,90.425,23.7644,-80,-120,-59,59.5,34.4,13.8,cloudy
moderate,34,90.4353,23.7623,-92,-109,-104,48.8,24.4,56.3,sunny
low,29,90.4271,23.7665,-100,-59,-59,29.1,15.1,13,rain
high,27,90.4308,23.7627,-67,-120,-59,141.8,35.8,68.3,rain
high,30,90.4338,23.7619,-84,-82,-79,18.9,18.8,43.1,cloudy
moderate,31,90.4309,23.7632,-100,-67,-79,37,53,30.5,sunny
high,33,90.4343,23.7614,-86,-99,-102,156.8,35.2,48.9,sunny
moderate,31,90.428,23.7625,-79,-97,-78,179.2,60.9,17.4,rain
moderate,29,90.4269,23.7627,-98,-79,-92,43.6,43.9,21.8,cloudy
high,34,90.4372,23.7609,-86,-92,-105,24.8,37.2,40,sunny
low,33,90.432,23.7622,-104,-99,-91,160.9,14.9,23.6,sunny
high,28,90.4299,23.7643,-102,-120,-81,136.2,18.8,27.9,cloudy
moderate,30,90.43,23.7649,-74,-120,-59,29.6,10.1,30,sunny
moderate,30,90.4281,23.7648,-95,-59,-81,102.8,33.1,23.7,sunny
low,32,90.4296,23.7643,-92,-59,-69,17.6,24.9,26.1,sunny
low,29,90.4246,23.7654,-100,-95,-95,174.8,23.8,6.7,cloudy
low,30,90.4296,23.7644,-105,-120,-85,145.9,42.4,8.8,cloudy
high,26,90.4249,23.7642,-83,-64,-59,35,36.1,9,cloudy
low,29,90.4267,23.7636,-88,-59,-59,116.7,30,15,rain
moderate,32,90.4316,23.7619,-110,-85,-95,133,57.6,63.2,sunny
high,34,90.4356,23.7613,-104,-74,-103,25.1,18.5,35.4,sunny
high,31,90.4264,23.7656,-79,-120,-59,35.8,16.5,18.8,sunny
high,26,90.4252,23.7661,-76,-59,-69,17.9,15.4,9.2,cloudy
moderate,32,90.4294,23.7627,-87,-107,-59,52.6,21.6,40.7,cloudy
low,26,90.4225,23.7667,-92,-70,-59,107.2,49.7,17.2,cloudy
high,31,90.4334,23.7617,-86,-78,-97,41.3,27.1,41.6,rain
high,32,90.4308,23.7624,-102,-106,-74,103.7,8.1,25.8,cloudy
high,31,90.4326,23.7628,-84,-78,-82,102.2,9.4,28.1,cloudy
moderate,28,90.4271,23.7656,-99,-103,-72,80.6,18.7,12.6,cloudy
low,28,90.4273,23.7646,-79,-75,-68,111.3,24.4,16.7,cloudy
moderate,25,90.4234,23.765,-92,-89,-71,35.1,60.2,10.6,cloudy
high,33,90.4349,23.7626,-98,-116,-105,33.9,20.5,10.7,cloudy
moderate,30,90.4269,23.7649,-108,-120,-93,45.6,39.2,5.3,cloudy
low,32,90.4342,23.762,-71,-109,-102,23.9,7.8,34.6,cloudy
high,32,90.4339,23.762,-87,-67,-69,73.5,24.1,36.2,sunny
moderate,31,90.4298,23.764,-87,-91,-59,41.9,14.6,38.3,cloudy
high,33,90.4319,23.7607,-108,-113,-103,92.7,18.2,30.3,cloudy
high,33,90.434,23.7614,-101,-101,-82,91.3,76.3,37.4,rain
high,25,90.4241,23.7673,-74,-120,-120,91.1,18.6,5.7,cloudy
moderate,26,90.4263,23.7652,-93,-87,-82,35.5,34.8,17.4,cloudy
high,31,90.4278,23.7639,-97,-104,-99,28.6,43.1,16.6,cloudy
high,35,90.4367,23.7596,-111,-120,-104,17.8,22.2,34.4,rain
high,32,90.4348,23.7614,-92,-97,-95,25,30.6,43.3,cloudy
high,32,90.4297,23.763,-98,-70,-59,46,23.6,13.5,sunny
low,32,90.4313,23.762,-90,-106,-98,45.8,37.9,31,cloudy
low,31,90.4306,23.7636,-100,-120,-102,66.9,9.7,15.5,cloudy
high,28,90.4267,23.763,-110,-82,-77,40,30.3,31.3,cloudy
high,32,90.4382,23.762,-99,-80,-96,83,11.6,43.2,sunny
low,30,90.4278,23.7651,-92,-90,-59,114.7,22.7,17.1,cloudy
high,29,90.4295,23.7619,-68,-59,-59,50.6,31.1,54.3,rain
moderate,29,90.4258,23.7628,-88,-74,-84,29.9,56.6,25.8,cloudy
high,31,90.4339,23.7633,-80,-78,-80,36,20.3,20.5,sunny
moderate,32,90.4324,23.7619,-108,-81,-87,39.5,54.3,46.2,rain
moderate,32,90.4357,23.7607,-91,-97,-105,173.3,49.3,73.5,rain
high,33,90.4366,23.7615,-108,-103,-94,55.5,36.4,64.5,rain
moderate,27,90.4242,23.7645,-88,-73,-59,33.3,12,7,cloudy
moderate,32,90.4336,23.7624,-110,-70,-101,89.1,21.6,59.3,sunny
moderate,33,90.4353,23.7616,-101,-108,-104,130.6,27.8,51.6,rain
moderate,28,90.4267,23.7635,-99,-92,-59,74.1,28.2,21.6,cloudy
high,34,90.4344,23.7613,-101,-120,-104,125,20.7,41.1,sunny
low,30,90.4288,23.7623,-96,-69,-90,53.3,49.5,40.9,cloudy
high,30,90.428,23.7621,-87,-59,-59,151.1,44.2,33.1,cloudy
high,30,90.4278,23.7649,-104,-93,-69,23.2,11,20.6,cloudy
high,33,90.436,23.761,-100,-59,-94,109.1,31.9,166.1,sunny
moderate,32,90.4288,23.7637,-98,-120,-104,91.3,30.3,18.4,cloudy
high,32,90.4296,23.7632,-96,-101,-95,40.1,15.2,20.1,rain
low,31,90.4339,23.7622,-85,-59,-98,68.2,22.7,45.9,cloudy
high,30,90.4337,23.7626,-72,-59,-59,17.9,42,39.3,sunny
moderate,32,90.4347,23.7617,-88,-120,-77,96.7,22.7,38.6,cloudy
high,32,90.4302,23.7639,-112,-114,-104,20.3,15,7.9,cloudy
low,26,90.4253,23.7653,-87,-120,-59,175.5,70.2,15.7,cloudy
moderate,32,90.4297,23.7628,-102,-84,-91,88.6,40.3,22.3,rain
moderate,30,90.4313,23.7638,-97,-84,-59,26.2,53.6,38.4,sunny
high,33,90.437,23.7615,-101,-119,-97,167.9,11.7,156.2,rain
high,29,90.4329,23.7629,-74,-67,-78,109.8,15.4,15.2,cloudy
moderate,25,90.4211,23.7666,-105,-59,-59,19.6,62.4,6,cloudy
low,34,90.4351,23.7604,-108,-120,-104,107.3,15.6,25.5,cloudy
moderate,30,90.4241,23.7658,-105,-64,-79,28.8,34.4,9,rain
high,34,90.4388,23.7613,-108,-120,-101,22.5,18.4,43.2,sunny
high,31,90.429,23.7635,-79,-59,-90,59.6,9,27.2,cloudy
low,32,90.4317,23.7613,-86,-96,-89,25.8,34.3,138.8,cloudy
moderate,29,90.4276,23.7635,-85,-112,-68,63.2,9.8,24.3,cloudy
high,32,90.4328,23.7634,-110,-92,-103,129,25.8,35.3,cloudy
low,31,90.4297,23.7655,-90,-76,-73,96.6,28,10.6,sunny
high,27,90.429,23.7637,-79,-83,-84,21.5,49.3,4.4,cloudy
high,33,90.4339,23.7642,-110,-120,-100,28.5,25.7,19.8,cloudy
moderate,31,90.4294,23.7624,-111,-120,-96,17.9,45.3,16.3,cloudy
high,32,90.4314,23.7631,-84,-77,-90,32.7,18.4,24.8,rain
high,33,90.4348,23.7617,-75,-107,-88,18.7,9.1,18.8,cloudy
high,32,90.4357,23.7624,-96,-88,-99,23.5,31.4,39.2,rain
high,31,90.4283,23.7645,-111,-101,-82,50.5,40.5,22.6,cloudy
moderate,25,90.4231,23.7654,-82,-120,-59,38,38.4,27.1,cloudy
high,26,90.4235,23.7661,-94,-120,-59,92.8,21.3,6.6,cloudy
moderate,27,90.4278,23.7656,-86,-59,-74,31.1,17.9,16,cloudy
high,33,90.432,23.7621,-109,-120,-99,115.5,26.7,19.4,cloudy
high,34,90.4344,23.761,-111,-120,-103,26.2,24.7,26.9,rain
moderate,26,90.4241,23.7665,-88,-120,-59,52.4,22.5,9,cloudy
high,29,90.4274,23.7634,-101,-59,-59,65.6,23.2,12.5,rain
high,31,90.4291,23.7644,-104,-102,-102,31.7,34.5,29.4,rain
low,30,90.4308,23.7624,-73,-59,-59,107.6,29.7,66.7,cloudy
high,32,90.4367,23.7621,-73,-73,-59,24.8,10,97,sunny
low,27,90.4262,23.7667,-109,-102,-76,113.6,20.1,2.4,cloudy
low,32,90.4336,23.762,-107,-59,-71,18.4,49.1,76.5,sunny
moderate,32,90.4323,23.764,-98,-115,-59,38.4,20.4,20.7,sunny
low,34,90.4387,23.7607,-89,-109,-74,36.1,11.9,100.2,rain
high,32,90.4328,23.7639,-110,-94,-96,53,28.6,20.7,cloudy
low,32,90.4352,23.7613,-74,-89,-69,32.8,13.7,42.3,rain
high,31,90.4328,23.7612,-81,-59,-87,54.7,27.5,109.1,sunny
high,29,90.4283,23.7643,-95,-120,-59,28.8,25.2,19.2,cloudy
low,30,90.4318,23.7638,-91,-59,-85,51.1,28.6,21.3,sunny
low,27,90.4272,23.7626,-98,-63,-98,42.2,32.8,24.9,cloudy
moderate,27,90.4257,23.7661,-75,-59,-59,108.2,27.5,18,rain
high,34,90.4359,23.7629,-100,-110,-94,22.2,17.1,16.2,cloudy
high,28,90.4268,23.7657,-106,-73,-59,58.1,30.9,2.5,cloudy
low,27,90.4259,23.7655,-88,-59,-120,128.6,13.1,14.7,cloudy
low,28,90.4287,23.7651,-80,-85,-59,107.3,24.9,6.3,cloudy
moderate,26,90.4267,23.7643,-104,-108,-91,63.6,38.4,9.2,cloudy
moderate,30,90.4275,23.7659,-95,-97,-75,36.7,8,19,cloudy
low,29,90.4282,23.7643,-99,-120,-59,22,84.2,19.7,rain
high,34,90.4356,23.7621,-112,-120,-101,84.3,26.4,50.2,rain
high,33,90.4358,23.762,-96,-101,-74,159.3,42.7,28.9,sunny
high,33,90.4356,23.7623,-84,-85,-99,18.8,16.7,37.5,sunny
low,30,90.4316,23.7628,-91,-90,-101,51.8,15.3,50,cloudy
low,32,90.433,23.7615,-81,-120,-100,136.1,9.1,20,cloudy
high,32,90.4338,23.7618,-107,-119,-104,68.1,37.6,39,cloudy
moderate,33,90.4329,23.7616,-95,-108,-99,116.1,88,56.5,sunny
low,33,90.434,23.7613,-85,-86,-102,20.5,20,35.7,sunny
high,31,90.4308,23.7634,-75,-115,-101,42,10.4,18.2,cloudy
moderate,28,90.4243,23.7653,-78,-59,-59,141,35.6,25,cloudy
high,33,90.4357,23.7611,-86,-89,-89,25.6,13.4,35.2,rain
high,28,90.4276,23.7642,-72,-59,-59,63.8,13.4,18.3,cloudy
high,30,90.4312,23.7632,-73,-59,-120,135,26.4,32.4,rain
low,30,90.4306,23.7645,-96,-115,-81,83.5,31.2,14.4,cloudy
low,26,90.4282,23.7637,-69,-59,-120,55.5,16.1,43.5,rain
high,32,90.4327,23.7614,-103,-107,-104,85.1,14.9,25.1,cloudy
moderate,32,90.4318,23.7619,-84,-95,-100,125.7,82.6,53.4,rain
moderate,32,90.4328,23.7618,-98,-105,-98,49.5,68.3,45.2,rain
low,29,90.4312,23.764,-72,-75,-78,88.1,25.6,19.7,cloudy
high,32,90.4301,23.7636,-68,-68,-85,62.6,34.4,10.3,sunny
low,33,90.4369,23.7603,-109,-82,-103,23.3,40.2,344,sunny
high,33,90.4386,23.7619,-83,-59,-99,44.8,8.3,34.8,sunny
moderate,32,90.4358,23.7609,-95,-120,-105,75.9,17.3,78.9,cloudy
high,30,90.429,23.7633,-100,-64,-103,68.1,26.5,15.4,cloudy
moderate,32,90.4291,23.7627,-89,-99,-84,162.8,31.1,27.9,rain
high,31,90.4303,23.7658,-111,-73,-70,61.2,9.3,7.7,cloudy
moderate,26,90.4284,23.7655,-103,-120,-59,60.9,20.6,25.5,cloudy
high,31,90.433,23.7634,-93,-89,-75,26.7,10.3,28.5,cloudy
low,32,90.4329,23.7631,-94,-110,-94,24.8,12.3,19.3,cloudy
moderate,30,90.4289,23.7647,-85,-117,-59,161.2,72.3,22.5,cloudy
low,33,90.4332,23.7634,-99,-86,-59,35,22.6,35.8,sunny
moderate,32,90.4351,23.7614,-101,-80,-59,99.2,47,2814,sunny
high,33,90.4377,23.7607,-71,-77,-86,68.2,22.6,416.5,sunny
low,30,90.4316,23.762,-69,-59,-59,49.4,43.8,27.5,rain
low,31,90.429,23.7646,-74,-120,-59,176.9,52.1,27.5,sunny
moderate,26,90.423,23.7647,-92,-120,-120,25.9,28.6,9.2,cloudy
high,28,90.4253,23.7645,-108,-103,-87,65.9,32.7,19.6,cloudy
high,32,90.434,23.7648,-82,-82,-100,93.4,12.7,31.7,sunny
high,26,90.4266,23.7651,-71,-120,-89,26.8,41.3,7.9,cloudy
high,29,90.428,23.765,-100,-59,-59,41.7,6.9,23.7,rain
low,32,90.4314,23.763,-106,-120,-105,42.2,22,7.6,cloudy
moderate,30,90.4304,23.7625,-93,-99,-93,110.7,21.5,18.9,cloudy
high,34,90.4383,23.7604,-105,-120,-105,33.9,26.4,27.4,rain
high,29,90.4301,23.7643,-77,-120,-120,129.5,32.4,115.2,sunny
moderate,25,90.4222,23.7676,-93,-82,-59,143.4,103.4,11.4,cloudy
high,32,90.4361,23.7616,-99,-59,-89,68.4,28.1,63.4,sunny
low,30,90.4304,23.7643,-86,-82,-59,78.9,23.3,28.3,cloudy
high,32,90.4341,23.762,-87,-86,-65,152.6,19.3,61.5,sunny
high,32,90.434,23.7614,-110,-77,-88,39.7,49.6,218.8,rain
moderate,33,90.4364,23.762,-100,-96,-96,70.9,35.3,269.6,sunny
low,31,90.431,23.7648,-107,-113,-91,21,14.9,23.5,cloudy
high,32,90.4363,23.7617,-104,-89,-99,47.7,9.8,100.7,sunny
high,30,90.4281,23.765,-99,-59,-91,126,63.6,21.1,sunny
moderate,33,90.4315,23.7619,-109,-112,-62,30,42.6,71.2,sunny
low,35,90.4345,23.7606,-104,-120,-105,32.1,28.7,32,rain
moderate,29,90.4278,23.7628,-83,-59,-90,92.7,30.6,8.1,cloudy
high,32,90.4326,23.761,-93,-77,-73,90.6,36.5,51.3,sunny
high,33,90.4386,23.7609,-92,-65,-98,30.5,19.8,30.4,sunny
high,34,90.4379,23.762,-100,-119,-105,27.3,11.5,41.1,cloudy
low,32,90.4341,23.7625,-101,-120,-89,24.4,10.5,21.9,cloudy
high,32,90.4353,23.7647,-84,-87,-60,84.5,14.8,23.4,sunny
moderate,26,90.4219,23.7666,-100,-61,-120,52.8,77.9,12.9,cloudy
moderate,30,90.4288,23.7638,-83,-71,-94,43.5,6.9,9.6,cloudy
high,33,90.429,23.7631,-108,-120,-103,71.5,33.1,10.5,cloudy
high,32,90.4386,23.7619,-69,-59,-98,18.5,6.8,169.4,sunny
moderate,30,90.4273,23.7635,-93,-105,-89,121.6,40,32.9,cloudy
low,34,90.4393,23.7602,-106,-107,-104,26.5,25.6,39.5,sunny
low,28,90.4269,23.7641,-105,-78,-79,67.5,48.4,7.6,cloudy
high,33,90.4327,23.761,-101,-85,-85,57.7,33.2,29.6,sunny
moderate,31,90.43,23.7616,-91,-81,-77,117.6,32.5,59.1,rain
high,34,90.4565,23.7605,-105,-105,-103,26.6,7.7,102.5,sunny
moderate,32,90.4278,23.7651,-90,-69,-85,75.1,56.8,14.4,rain
high,34,90.4404,23.7621,-107,-120,-103,85.4,18.3,59.4,cloudy
high,34,90.4362,23.7607,-112,-112,-105,80.7,47.9,45.9,rain
high,29,90.4297,23.7638,-88,-93,-89,109.3,13.3,23.5,cloudy
moderate,24,90.424,23.7654,-95,-59,-59,114.1,33.5,22.8,cloudy
high,29,90.4279,23.7648,-71,-59,-120,27.7,39.1,32,sunny
low,31,90.4335,23.7615,-75,-106,-84,141.4,78,73,cloudy
low,32,90.4319,23.7628,-108,-120,-100,87.5,20.9,45.2,cloudy
high,33,90.4358,23.7624,-93,-92,-97,49.5,23.3,32.5,sunny
moderate,31,90.4254,23.7654,-101,-67,-59,107.6,35.5,6.5,sunny
moderate,33,90.4308,23.7643,-111,-120,-91,136.5,77.7,16.6,cloudy
high,31,90.4302,23.7633,-88,-78,-95,31.1,41.2,20.4,rain
high,26,90.4272,23.7657,-99,-59,-120,50.4,20.4,22,cloudy
moderate,27,90.4269,23.7655,-69,-120,-59,153.8,30.8,8.2,cloudy
low,30,90.4288,23.763,-111,-93,-82,95.3,42.4,24.7,cloudy
low,32,90.4312,23.7624,-74,-84,-103,116.6,11.9,24.5,sunny
moderate,28,90.425,23.764,-96,-88,-59,80.1,73.9,17.2,cloudy
moderate,28,90.4261,23.7646,-109,-59,-84,28.8,28.3,13.1,cloudy
high,28,90.4277,23.7663,-93,-59,-59,22.5,17.2,5,cloudy
high,31,90.4338,23.7615,-75,-120,-91,65.4,11.2,30.1,sunny
moderate,29,90.4284,23.7653,-79,-120,-59,47.8,54.8,83.4,sunny
high,32,90.4341,23.7627,-105,-69,-59,53.5,16.3,30.2,sunny
low,30,90.4294,23.7628,-96,-120,-93,114,32.9,25.7,cloudy
high,34,90.434,23.7617,-103,-120,-104,17.7,11.2,23.4,cloudy
low,31,90.4314,23.7633,-82,-120,-59,58.9,36.1,48.3,sunny
high,29,90.4299,23.7628,-95,-59,-120,123.7,27.9,27.9,cloudy
moderate,34,90.4361,23.7619,-110,-120,-102,56,36.7,33.9,cloudy
high,32,90.4298,23.762,-109,-120,-104,77,57.1,12.2,cloudy
low,33,90.4353,23.7611,-109,-120,-97,57.9,27.1,38.4,rain
moderate,27,90.4247,23.7672,-76,-59,-70,50.6,23,8.4,rain
high,34,90.4372,23.7609,-102,-120,-105,43.6,20.1,42,rain
moderate,27,90.4249,23.7663,-82,-75,-59,109.3,21.9,5.9,cloudy
high,31,90.4374,23.7622,-76,-70,-79,24.8,10.8,60.4,sunny
high,25,90.426,23.7656,-68,-59,-59,46,8.8,4.7,cloudy
moderate,31,90.4264,23.7649,-78,-120,-80,121.1,10.9,16.6,cloudy
high,27,90.4284,23.7641,-90,-61,-59,84.3,20.7,40,cloudy
high,31,90.4355,23.763,-86,-64,-79,113.6,13.9,45.9,rain
high,29,90.4311,23.7616,-102,-59,-120,21.8,44.4,225.8,rain
high,34,90.4371,23.7613,-94,-120,-101,22.8,9.7,45,rain
moderate,31,90.4326,23.7637,-80,-86,-59,42.9,7.9,21.4,sunny
low,28,90.4273,23.7659,-75,-59,-70,38.5,24.7,13.9,cloudy
low,30,90.4314,23.763,-107,-120,-84,20.5,16.9,8.1,cloudy
moderate,32,90.4322,23.762,-100,-94,-86,20.6,25.8,14.7,sunny
moderate,34,90.4385,23.7615,-89,-120,-100,20.5,21.3,35.2,sunny
high,30,90.4311,23.7626,-94,-120,-59,86.1,91.5,42.6,sunny
high,29,90.4295,23.7664,-109,-84,-91,69.2,17.9,17.4,cloudy
high,26,90.4266,23.7647,-110,-59,-59,29.3,37.2,14.9,cloudy
moderate,30,90.4321,23.7615,-81,-83,-100,57.4,46,29.8,cloudy
moderate,32,90.4285,23.7625,-101,-116,-80,88.5,48.6,21.2,cloudy
high,33,90.4368,23.7612,-102,-120,-102,24.4,13.9,23,cloudy
high,26,90.4241,23.765,-84,-59,-120,35.2,25,8.2,cloudy
high,30,90.4268,23.7622,-78,-80,-63,50.1,12.9,11.9,cloudy
low,32,90.4325,23.7642,-78,-66,-72,27.7,11.8,27.7,sunny
low,31,90.4311,23.7641,-105,-103,-84,74.3,31.6,27.4,cloudy
low,29,90.425,23.7649,-102,-59,-59,56.7,20.5,26.1,cloudy
low,32,90.4307,23.7619,-104,-59,-91,57.4,33.9,39.5,rain
low,32,90.4341,23.7629,-72,-90,-94,133.2,6.6,101.7,sunny
low,25,90.4266,23.7652,-81,-120,-120,116.2,11.1,20.6,cloudy
moderate,30,90.4272,23.7636,-91,-60,-94,74.6,24.2,20.1,rain
low,30,90.4297,23.7638,-74,-120,-59,107.5,28.6,36.6,sunny
high,31,90.4302,23.7629,-101,-59,-79,47.6,25.4,30.9,rain
low,32,90.4316,23.7628,-107,-94,-100,108.4,18.6,28.7,cloudy
moderate,32,90.4295,23.7634,-107,-93,-103,52.6,46.6,29.2,rain
moderate,27,90.4251,23.7671,-90,-120,-59,153.1,19.8,7.4,rain
high,27,90.4273,23.7646,-70,-69,-59,102.5,9.4,22.5,cloudy
low,25,90.4244,23.7664,-107,-120,-87,87.7,35.4,1.5,cloudy
low,34,90.4548,23.7611,-96,-95,-96,19.1,7.2,58.3,sunny
high,34,90.4557,23.7606,-87,-102,-78,131,14.8,1131.1,sunny
low,33,90.4357,23.7621,-111,-120,-101,31.8,37,20.9,rain
high,32,90.433,23.7618,-107,-102,-102,18,16.8,20.6,rain
high,32,90.4347,23.7627,-107,-120,-59,143.3,21.3,38.6,sunny
low,31,90.43,23.764,-103,-71,-83,84.5,30.1,13.1,sunny
high,32,90.4331,23.7628,-105,-105,-100,43.2,27.5,24.9,rain
moderate,27,90.4265,23.7647,-83,-59,-59,100.4,89.4,23.6,cloudy
moderate,26,90.4251,23.7643,-89,-71,-87,62.6,44.1,28.6,cloudy
high,31,90.4293,23.7649,-109,-85,-90,134.9,51,18.1,cloudy
low,29,90.4282,23.7646,-74,-59,-59,106.6,27.8,25.1,cloudy
moderate,31,90.429,23.7625,-99,-109,-95,109.4,17.7,28.2,rain
low,27,90.4285,23.7637,-96,-93,-80,18.6,30.4,15.6,cloudy
high,31,90.4325,23.7623,-92,-71,-104,58.3,25.4,18.9,cloudy
moderate,33,90.4327,23.7628,-86,-103,-89,63.6,37.8,29,sunny
low,32,90.4334,23.762,-110,-120,-102,19.3,42.6,27.1,cloudy
high,35,90.437,23.7615,-102,-119,-102,102,9.6,17.6,sunny
low,33,90.4319,23.7625,-110,-120,-103,31.3,36.5,19.7,rain
high,33,90.4349,23.761,-100,-111,-101,29.9,12.1,42.4,rain
low,31,90.43,23.7637,-93,-77,-72,33.9,7.4,15.5,rain
low,28,90.4251,23.7671,-103,-94,-93,58.4,36.9,9.1,cloudy
high,33,90.4351,23.7615,-101,-94,-102,44.6,16,34,rain
low,35,90.4383,23.7619,-91,-120,-86,33.9,9.7,26,sunny
low,30,90.425,23.7656,-106,-101,-102,32.5,39.8,7.4,cloudy
low,28,90.4268,23.7645,-73,-68,-69,129.7,30.5,17.1,cloudy
high,29,90.4359,23.7626,-72,-120,-59,51.4,25.6,54.5,sunny
low,31,90.4286,23.7636,-107,-99,-77,49.1,21.9,26,cloudy
high,32,90.4309,23.7633,-110,-120,-105,55.2,8,8.1,rain
moderate,32,90.4324,23.7623,-110,-97,-77,148,54.5,38.6,rain
moderate,31,90.4266,23.766,-85,-65,-59,148.8,38.7,22,sunny
low,28,90.4293,23.7631,-71,-63,-59,71.5,32.9,29,cloudy
low,27,90.4285,23.7656,-78,-120,-59,97.6,36.1,34.5,rain
high,27,90.4275,23.7659,-91,-67,-59,132.4,28.7,18.2,cloudy
high,33,90.4334,23.7625,-108,-120,-99,26.7,11.2,32.6,cloudy
high,29,90.4247,23.7651,-90,-86,-87,125.7,26.7,14.8,cloudy
moderate,27,90.4275,23.7664,-103,-59,-59,126.1,22.4,12.8,cloudy
moderate,28,90.4268,23.7662,-74,-120,-59,34.7,14.9,22.8,cloudy
low,29,90.4312,23.7626,-99,-120,-59,49.7,32.9,27.6,rain
low,33,90.4392,23.7604,-73,-104,-77,100.7,23.1,33.5,sunny
low,29,90.4269,23.7652,-82,-59,-59,40.5,62.6,27.3,cloudy
moderate,29,90.4293,23.7649,-82,-59,-65,50.8,29.7,46.4,rain
high,33,90.4344,23.7618,-98,-120,-105,48.7,39.2,10.7,cloudy
low,26,90.4245,23.7646,-92,-96,-67,49.1,42.2,11.7,cloudy
low,31,90.4286,23.7627,-83,-118,-95,22.7,54,14.8,cloudy
high,26,90.4271,23.7651,-80,-120,-59,25.6,17.9,22.4,cloudy
high,30,90.4317,23.7623,-68,-59,-120,155.7,12.4,101,rain
low,25,90.4243,23.7655,-84,-120,-120,30.8,85,20.1,cloudy
moderate,29,90.4253,23.764,-86,-59,-59,107,32.5,23.4,rain
moderate,28,90.4254,23.7659,-74,-120,-59,30.6,14.9,16.5,rain
moderate,24,90.4226,23.767,-74,-120,-120,108.7,31.3,4.2,cloudy
moderate,25,90.4244,23.7664,-104,-120,-59,31.9,44.8,18.8,cloudy
low,26,90.4256,23.7658,-88,-59,-120,94.1,20.5,25.1,cloudy
low,26,90.4284,23.7657,-98,-59,-69,71.9,19.3,12.5,rain
low,30,90.4282,23.7641,-76,-120,-68,140.2,49.7,21.6,sunny
high,34,90.434,23.7617,-102,-120,-98,61.5,36.9,29.1,rain
moderate,33,90.4345,23.7619,-77,-59,-99,18.6,20.7,25.9,sunny
high,30,90.4319,23.7626,-83,-59,-59,102.7,10.4,21.1,rain
high,25,90.4265,23.7655,-86,-120,-59,56.7,14.4,17.6,cloudy
low,33,90.4344,23.7609,-98,-120,-102,51.1,10.3,47.7,cloudy
low,34,90.4362,23.7614,-103,-97,-69,53.1,27.6,131.7,sunny
low,30,90.4305,23.7641,-100,-59,-120,67.9,45.3,35.1,rain